InvoiceNo,StockCode,Description,Quantity,InvoiceDate,UnitPrice,CustomerID,Country
533590,84029G,CREAM CUPID HEARTS COAT HANGER,3,2025-07-03 10:46:03,25.36,15392,Germany
584089,84029E,KNITTED UNION FLAG HOT WATER BOTTLE,2,2025-07-03 10:46:08,10.88,16687,United Kingdom
596796,84406B,CREAM CUPID HEARTS COAT HANGER,6,2025-07-03 10:46:13,3.5,13237,Australia
513936,84029E,WHITE METAL LANTERN,1,2025-07-03 10:46:18,27.73,15069,Germany
529246,84029G,WHITE HANGING HEART T-LIGHT HOLDER,1,2025-07-03 10:46:23,3.57,16743,France
515510,85123A,WHITE METAL LANTERN,12,2025-07-03 10:46:28,11.59,13575,France
592005,84406B,RED WOOLLY HOTTIE WHITE HEART.,12,2025-07-03 10:46:33,18.3,17219,United Kingdom
502595,84029E,KNITTED UNION FLAG HOT WATER BOTTLE,1,2025-07-03 10:46:38,15.92,12996,Netherlands
507856,84029G,CREAM CUPID HEARTS COAT HANGER,1,2025-07-03 10:46:43,2.0,15377,Germany
527859,84406B,WHITE HANGING HEART T-LIGHT HOLDER,6,2025-07-03 10:46:48,23.66,15372,Netherlands
567709,84029E,KNITTED UNION FLAG HOT WATER BOTTLE,6,2025-07-03 10:46:53,5.69,12674,Germany
528949,85123A,WHITE HANGING HEART T-LIGHT HOLDER,1,2025-07-03 10:46:58,29.3,13206,Australia
501766,84406B,CREAM CUPID HEARTS COAT HANGER,-1,2025-07-03 10:47:03,23.44,16661,United Kingdom
511061,84029G,RED WOOLLY HOTTIE WHITE HEART.,6,2025-07-03 10:47:08,24.88,14335,Netherlands
537127,85123A,WHITE METAL LANTERN,12,2025-07-03 10:47:13,13.74,12540,Australia
585841,84029E,RED WOOLLY HOTTIE WHITE HEART.,6,2025-07-03 10:47:18,14.13,15173,Australia
578379,84029E,KNITTED UNION FLAG HOT WATER BOTTLE,-1,2025-07-03 10:47:23,15.15,14989,France
519146,84406B,KNITTED UNION FLAG HOT WATER BOTTLE,2,2025-07-03 10:47:28,15.3,14226,Australia
540531,84406B,KNITTED UNION FLAG HOT WATER BOTTLE,3,2025-07-03 10:47:33,6.83,17410,Australia
507806,84029G,RED WOOLLY HOTTIE WHITE HEART.,6,2025-07-03 10:47:38,5.99,13428,Germany
545626,85123A,WHITE HANGING HEART T-LIGHT HOLDER,3,2025-07-03 10:47:43,23.99,12396,Germany
583129,71053,CREAM CUPID HEARTS COAT HANGER,6,2025-07-03 10:47:48,29.58,12462,Australia
537156,85123A,WHITE HANGING HEART T-LIGHT HOLDER,2,2025-07-03 10:47:53,4.19,16744,Netherlands
509241,85123A,CREAM CUPID HEARTS COAT HANGER,1,2025-07-03 10:47:58,21.18,14805,Australia
533976,71053,KNITTED UNION FLAG HOT WATER BOTTLE,12,2025-07-03 10:48:03,27.59,14001,Australia
538567,84406B,CREAM CUPID HEARTS COAT HANGER,-1,2025-07-03 10:48:08,4.93,16680,France
584342,84406B,WHITE HANGING HEART T-LIGHT HOLDER,1,2025-07-03 10:48:13,11.63,12472,United Kingdom
502555,84029G,WHITE METAL LANTERN,-1,2025-07-03 10:48:18,27.51,16294,Germany
577482,84029G,CREAM CUPID HEARTS COAT HANGER,12,2025-07-03 10:48:23,13.02,17954,Australia
577836,71053,RED WOOLLY HOTTIE WHITE HEART.,6,2025-07-03 10:48:28,13.27,12882,Australia
510693,71053,RED WOOLLY HOTTIE WHITE HEART.,2,2025-07-03 10:48:33,27.93,15269,France
588241,84406B,CREAM CUPID HEARTS COAT HANGER,12,2025-07-03 10:48:38,1.85,13450,France
521618,84406B,CREAM CUPID HEARTS COAT HANGER,1,2025-07-03 10:48:43,27.42,12421,France
584190,84029E,CREAM CUPID HEARTS COAT HANGER,2,2025-07-03 10:48:48,0.6,12676,France
544428,71053,KNITTED UNION FLAG HOT WATER BOTTLE,2,2025-07-03 10:48:53,17.37,14622,France
591679,71053,CREAM CUPID HEARTS COAT HANGER,6,2025-07-03 10:48:58,15.25,17854,Australia
594388,84029E,WHITE HANGING HEART T-LIGHT HOLDER,1,2025-07-03 10:49:03,14.0,15332,France
502055,84029G,KNITTED UNION FLAG HOT WATER BOTTLE,3,2025-07-03 10:49:08,8.93,15190,Netherlands
513260,85123A,RED WOOLLY HOTTIE WHITE HEART.,6,2025-07-03 10:49:13,1.92,12497,United Kingdom
522280,84406B,KNITTED UNION FLAG HOT WATER BOTTLE,3,2025-07-03 10:49:19,14.65,13185,Germany
516201,84406B,WHITE HANGING HEART T-LIGHT HOLDER,3,2025-07-03 10:49:24,21.42,15034,Australia
553962,84029E,CREAM CUPID HEARTS COAT HANGER,6,2025-07-03 10:49:29,19.81,17200,Australia
500323,84406B,RED WOOLLY HOTTIE WHITE HEART.,6,2025-07-03 10:49:34,19.03,12766,Germany
587957,84029E,CREAM CUPID HEARTS COAT HANGER,-1,2025-07-03 10:49:39,15.9,18028,Netherlands
529103,71053,WHITE METAL LANTERN,2,2025-07-03 10:49:44,14.39,17121,United Kingdom
561905,84029E,WHITE HANGING HEART T-LIGHT HOLDER,-1,2025-07-03 10:49:49,22.03,14215,Netherlands
557064,71053,CREAM CUPID HEARTS COAT HANGER,2,2025-07-03 10:49:54,18.89,14061,United Kingdom
523306,84029E,WHITE METAL LANTERN,-1,2025-07-03 10:49:59,13.03,16617,Australia
502700,71053,KNITTED UNION FLAG HOT WATER BOTTLE,2,2025-07-03 10:50:04,22.34,12512,Netherlands
532880,84029G,WHITE METAL LANTERN,6,2025-07-03 10:50:09,9.94,17956,Australia
576454,71053,RED WOOLLY HOTTIE WHITE HEART.,12,2025-07-03 10:50:14,9.29,14345,France
582258,71053,CREAM CUPID HEARTS COAT HANGER,-1,2025-07-03 10:50:19,8.99,17885,France
530418,71053,RED WOOLLY HOTTIE WHITE HEART.,1,2025-07-03 10:50:24,1.15,14182,Netherlands
508983,85123A,WHITE METAL LANTERN,1,2025-07-03 10:50:29,5.81,17256,Germany
583606,84029E,CREAM CUPID HEARTS COAT HANGER,3,2025-07-03 10:50:34,29.64,15322,Australia
584154,71053,RED WOOLLY HOTTIE WHITE HEART.,3,2025-07-03 10:50:39,7.49,15176,Netherlands
535646,84029E,WHITE HANGING HEART T-LIGHT HOLDER,1,2025-07-03 10:50:44,29.15,15720,France
507203,84029G,RED WOOLLY HOTTIE WHITE HEART.,6,2025-07-03 10:50:49,2.03,14126,Australia
565134,84406B,CREAM CUPID HEARTS COAT HANGER,1,2025-07-03 10:50:54,4.77,15292,France
585675,84029E,WHITE HANGING HEART T-LIGHT HOLDER,1,2025-07-03 10:50:59,18.27,17573,Netherlands
576610,71053,CREAM CUPID HEARTS COAT HANGER,1,2025-07-03 10:51:04,18.63,13384,Netherlands
542318,84029E,RED WOOLLY HOTTIE WHITE HEART.,12,2025-07-03 10:51:09,14.32,14909,Germany
567821,84029G,KNITTED UNION FLAG HOT WATER BOTTLE,12,2025-07-03 10:51:14,28.1,13539,United Kingdom
557038,84406B,WHITE HANGING HEART T-LIGHT HOLDER,3,2025-07-03 10:51:19,22.24,14839,Australia
529969,84029G,CREAM CUPID HEARTS COAT HANGER,3,2025-07-03 10:51:24,29.35,14471,Germany
523115,71053,CREAM CUPID HEARTS COAT HANGER,-1,2025-07-03 10:51:29,29.34,17558,France
568205,84406B,CREAM CUPID HEARTS COAT HANGER,-1,2025-07-03 10:51:34,8.13,17282,Germany
533962,85123A,KNITTED UNION FLAG HOT WATER BOTTLE,3,2025-07-03 10:51:39,24.08,12378,Netherlands
534884,84029G,WHITE METAL LANTERN,3,2025-07-03 10:51:44,16.86,13521,Australia
550486,84029G,CREAM CUPID HEARTS COAT HANGER,2,2025-07-03 10:51:49,26.44,17192,Netherlands
533873,84029E,RED WOOLLY HOTTIE WHITE HEART.,3,2025-07-03 10:51:54,6.49,13116,United Kingdom
597071,85123A,RED WOOLLY HOTTIE WHITE HEART.,-1,2025-07-03 10:51:59,14.9,15800,France
510739,85123A,RED WOOLLY HOTTIE WHITE HEART.,3,2025-07-03 10:52:04,12.12,16881,Netherlands
508523,85123A,WHITE HANGING HEART T-LIGHT HOLDER,1,2025-07-03 10:52:09,20.31,15567,Australia
542229,84029G,WHITE HANGING HEART T-LIGHT HOLDER,-1,2025-07-03 10:52:14,2.34,12931,United Kingdom
550036,71053,WHITE METAL LANTERN,12,2025-07-03 10:52:19,18.17,17782,United Kingdom
534484,84406B,WHITE HANGING HEART T-LIGHT HOLDER,-1,2025-07-03 10:52:24,25.24,16211,Australia
530202,85123A,RED WOOLLY HOTTIE WHITE HEART.,3,2025-07-03 10:52:29,4.44,12592,Netherlands
515345,84029E,RED WOOLLY HOTTIE WHITE HEART.,6,2025-07-03 10:52:34,15.95,12542,Netherlands
589384,71053,RED WOOLLY HOTTIE WHITE HEART.,6,2025-07-03 10:52:39,26.5,14121,United Kingdom
584216,84029E,WHITE METAL LANTERN,-1,2025-07-03 10:52:44,1.84,13837,France
501774,84406B,CREAM CUPID HEARTS COAT HANGER,12,2025-07-03 10:52:49,12.27,14885,Germany
540975,84406B,RED WOOLLY HOTTIE WHITE HEART.,1,2025-07-03 10:52:54,28.9,13943,France
532758,84029E,KNITTED UNION FLAG HOT WATER BOTTLE,1,2025-07-03 10:52:59,25.53,15112,Germany
546834,84029E,RED WOOLLY HOTTIE WHITE HEART.,-1,2025-07-03 10:53:04,20.66,14149,United Kingdom
526339,71053,WHITE METAL LANTERN,1,2025-07-03 10:53:09,27.52,15044,Netherlands
513385,84029E,WHITE HANGING HEART T-LIGHT HOLDER,3,2025-07-03 10:53:14,12.58,17057,Germany
512151,85123A,CREAM CUPID HEARTS COAT HANGER,12,2025-07-03 10:53:19,19.73,13378,Germany
582934,84406B,WHITE HANGING HEART T-LIGHT HOLDER,12,2025-07-03 10:53:24,5.03,15777,United Kingdom
568108,85123A,CREAM CUPID HEARTS COAT HANGER,1,2025-07-03 10:53:29,19.02,15752,France
541259,84029E,RED WOOLLY HOTTIE WHITE HEART.,1,2025-07-03 10:53:34,28.98,16726,United Kingdom
585758,71053,WHITE METAL LANTERN,1,2025-07-03 10:53:39,8.24,12688,Germany
559448,85123A,WHITE HANGING HEART T-LIGHT HOLDER,3,2025-07-03 10:53:44,25.19,16499,United Kingdom
549454,84029E,WHITE METAL LANTERN,6,2025-07-03 10:53:49,10.79,15610,Netherlands
501017,84029G,CREAM CUPID HEARTS COAT HANGER,12,2025-07-03 10:53:54,10.9,14098,Australia
552424,71053,RED WOOLLY HOTTIE WHITE HEART.,12,2025-07-03 10:53:59,18.37,13591,Netherlands
540595,71053,RED WOOLLY HOTTIE WHITE HEART.,2,2025-07-03 10:54:04,25.81,18275,Germany
514953,84406B,KNITTED UNION FLAG HOT WATER BOTTLE,1,2025-07-03 10:54:09,8.76,16172,Germany
556932,84406B,CREAM CUPID HEARTS COAT HANGER,6,2025-07-03 10:54:14,3.15,14805,United Kingdom
519655,84029E,WHITE HANGING HEART T-LIGHT HOLDER,12,2025-07-03 10:54:19,25.08,16919,France
505100,71053,KNITTED UNION FLAG HOT WATER BOTTLE,12,2025-07-03 10:54:24,10.18,17157,France
514278,85123A,WHITE HANGING HEART T-LIGHT HOLDER,-1,2025-07-03 10:54:29,4.3,17686,Australia
536890,84029G,WHITE HANGING HEART T-LIGHT HOLDER,6,2025-07-03 10:54:34,3.72,16420,Netherlands
545089,84029E,CREAM CUPID HEARTS COAT HANGER,-1,2025-07-03 10:54:40,25.04,12881,Germany
536291,84029E,CREAM CUPID HEARTS COAT HANGER,3,2025-07-03 10:54:45,23.78,15808,France
572207,84029E,CREAM CUPID HEARTS COAT HANGER,-1,2025-07-03 10:54:50,5.81,13720,France
510064,85123A,WHITE METAL LANTERN,-1,2025-07-03 10:54:55,16.0,17056,Netherlands
563424,84029G,CREAM CUPID HEARTS COAT HANGER,6,2025-07-03 10:55:00,23.41,18220,United Kingdom
519300,85123A,WHITE METAL LANTERN,-1,2025-07-03 10:55:05,6.53,13650,Germany
510304,84029E,RED WOOLLY HOTTIE WHITE HEART.,-1,2025-07-03 10:55:10,15.5,14042,United Kingdom
560935,85123A,WHITE HANGING HEART T-LIGHT HOLDER,-1,2025-07-03 10:55:15,2.92,17658,Australia
550648,71053,CREAM CUPID HEARTS COAT HANGER,12,2025-07-03 10:55:20,14.27,15895,United Kingdom
590501,84029E,WHITE HANGING HEART T-LIGHT HOLDER,1,2025-07-03 10:55:25,11.37,18194,Australia
589643,84406B,WHITE METAL LANTERN,2,2025-07-03 10:55:30,20.73,13271,Netherlands
539934,84029G,WHITE HANGING HEART T-LIGHT HOLDER,12,2025-07-03 10:55:35,8.9,13344,Germany
503382,85123A,KNITTED UNION FLAG HOT WATER BOTTLE,2,2025-07-03 10:55:40,6.99,13269,Netherlands
562743,85123A,CREAM CUPID HEARTS COAT HANGER,-1,2025-07-03 10:55:45,21.55,16412,Netherlands
565524,84029G,WHITE METAL LANTERN,1,2025-07-03 10:55:50,0.5,14642,United Kingdom
524950,84029G,WHITE HANGING HEART T-LIGHT HOLDER,3,2025-07-03 10:55:55,7.51,16695,Australia
526739,84029E,CREAM CUPID HEARTS COAT HANGER,2,2025-07-03 10:56:00,5.03,12572,United Kingdom
508026,85123A,KNITTED UNION FLAG HOT WATER BOTTLE,1,2025-07-03 10:56:05,12.09,13212,Netherlands
564929,85123A,WHITE METAL LANTERN,-1,2025-07-03 10:56:10,11.79,17028,Australia
514027,84406B,WHITE HANGING HEART T-LIGHT HOLDER,2,2025-07-03 10:56:15,16.13,16178,Australia
525046,84029E,RED WOOLLY HOTTIE WHITE HEART.,6,2025-07-03 10:56:20,19.09,17001,France
592679,84406B,WHITE HANGING HEART T-LIGHT HOLDER,6,2025-07-03 10:56:25,3.37,16321,United Kingdom
559359,84029E,RED WOOLLY HOTTIE WHITE HEART.,-1,2025-07-03 10:56:30,26.15,12535,Netherlands
518069,84029E,CREAM CUPID HEARTS COAT HANGER,1,2025-07-03 10:56:35,19.07,13536,Germany
551516,71053,KNITTED UNION FLAG HOT WATER BOTTLE,1,2025-07-03 10:56:40,13.3,14961,France
552306,85123A,KNITTED UNION FLAG HOT WATER BOTTLE,6,2025-07-03 10:56:45,22.33,15929,Australia
541245,84029G,WHITE METAL LANTERN,2,2025-07-03 10:56:50,13.11,17129,Germany
557098,85123A,WHITE METAL LANTERN,1,2025-07-03 10:56:55,12.03,12418,Germany
530778,84029E,WHITE HANGING HEART T-LIGHT HOLDER,12,2025-07-03 10:57:00,11.16,13570,Netherlands
509155,85123A,WHITE METAL LANTERN,-1,2025-07-03 10:57:05,22.64,17806,Germany
595396,85123A,CREAM CUPID HEARTS COAT HANGER,3,2025-07-03 10:57:10,5.8,14058,Australia
548831,84406B,CREAM CUPID HEARTS COAT HANGER,1,2025-07-03 10:57:15,5.86,13267,France
503154,85123A,CREAM CUPID HEARTS COAT HANGER,6,2025-07-03 10:57:20,15.44,18259,Australia
526616,84029E,RED WOOLLY HOTTIE WHITE HEART.,2,2025-07-03 10:57:25,1.61,18227,Germany
530314,85123A,KNITTED UNION FLAG HOT WATER BOTTLE,6,2025-07-03 10:57:30,9.29,15164,United Kingdom
529191,84029G,WHITE METAL LANTERN,-1,2025-07-03 10:57:35,1.73,17160,France
592127,84406B,WHITE METAL LANTERN,1,2025-07-03 10:57:40,28.86,12601,United Kingdom
564697,84029G,WHITE HANGING HEART T-LIGHT HOLDER,6,2025-07-03 10:57:46,21.41,17014,Australia
539082,85123A,CREAM CUPID HEARTS COAT HANGER,6,2025-07-03 10:57:51,23.66,15101,Australia
521191,84406B,WHITE METAL LANTERN,12,2025-07-03 10:57:56,29.28,13092,United Kingdom
504410,85123A,KNITTED UNION FLAG HOT WATER BOTTLE,12,2025-07-03 10:58:01,15.26,14544,Germany
537339,84029G,WHITE HANGING HEART T-LIGHT HOLDER,2,2025-07-03 10:58:06,10.08,13375,United Kingdom
535385,85123A,CREAM CUPID HEARTS COAT HANGER,12,2025-07-03 10:58:11,9.82,13113,Australia
534054,84029G,KNITTED UNION FLAG HOT WATER BOTTLE,6,2025-07-03 10:58:16,9.31,13123,United Kingdom
569168,84406B,WHITE METAL LANTERN,12,2025-07-03 10:58:21,18.28,17755,Netherlands
588097,84406B,CREAM CUPID HEARTS COAT HANGER,-1,2025-07-03 10:58:26,28.41,17941,France
597229,85123A,WHITE HANGING HEART T-LIGHT HOLDER,2,2025-07-03 10:58:31,11.66,17358,United Kingdom
596876,71053,KNITTED UNION FLAG HOT WATER BOTTLE,2,2025-07-03 10:58:36,16.69,12644,France
513776,71053,WHITE HANGING HEART T-LIGHT HOLDER,1,2025-07-03 10:58:41,23.32,13962,United Kingdom
595243,71053,RED WOOLLY HOTTIE WHITE HEART.,2,2025-07-03 10:58:46,6.95,16841,Germany
551926,84029G,KNITTED UNION FLAG HOT WATER BOTTLE,1,2025-07-03 10:58:51,12.0,17016,Australia
540980,71053,CREAM CUPID HEARTS COAT HANGER,2,2025-07-03 10:58:56,27.16,15573,Australia
549274,85123A,WHITE HANGING HEART T-LIGHT HOLDER,3,2025-07-03 10:59:01,9.4,15287,France
552196,84029E,WHITE HANGING HEART T-LIGHT HOLDER,12,2025-07-03 10:59:06,22.91,17358,France
569334,71053,RED WOOLLY HOTTIE WHITE HEART.,1,2025-07-03 10:59:11,20.72,16493,Netherlands
579293,85123A,WHITE METAL LANTERN,6,2025-07-03 10:59:16,19.42,15156,United Kingdom
526670,84029E,WHITE METAL LANTERN,6,2025-07-03 10:59:21,5.52,17010,Australia
520534,85123A,WHITE METAL LANTERN,3,2025-07-03 10:59:26,8.63,14214,United Kingdom
568602,84029E,WHITE METAL LANTERN,2,2025-07-03 10:59:31,9.5,18072,Netherlands
508017,84406B,WHITE METAL LANTERN,3,2025-07-03 10:59:36,17.66,14838,Australia
524855,85123A,RED WOOLLY HOTTIE WHITE HEART.,1,2025-07-03 10:59:41,17.16,17250,Netherlands
571065,71053,KNITTED UNION FLAG HOT WATER BOTTLE,2,2025-07-03 10:59:46,7.31,14432,United Kingdom
529739,84406B,WHITE HANGING HEART T-LIGHT HOLDER,1,2025-07-03 10:59:51,28.79,17339,United Kingdom
521380,85123A,RED WOOLLY HOTTIE WHITE HEART.,2,2025-07-03 10:59:56,21.3,16553,Netherlands
589625,84029E,RED WOOLLY HOTTIE WHITE HEART.,6,2025-07-03 11:00:01,11.23,12529,United Kingdom
518326,85123A,RED WOOLLY HOTTIE WHITE HEART.,6,2025-07-03 11:00:06,21.86,16849,United Kingdom
524666,84029G,KNITTED UNION FLAG HOT WATER BOTTLE,-1,2025-07-03 11:00:11,13.66,13988,Netherlands
538804,71053,WHITE METAL LANTERN,2,2025-07-03 11:00:16,7.03,12841,United Kingdom
547495,84406B,CREAM CUPID HEARTS COAT HANGER,1,2025-07-03 11:00:21,28.83,17684,Germany
526897,84029E,WHITE METAL LANTERN,-1,2025-07-03 11:00:26,11.65,16056,Germany
545835,84406B,CREAM CUPID HEARTS COAT HANGER,1,2025-07-03 11:00:31,15.37,15456,Australia
544288,71053,CREAM CUPID HEARTS COAT HANGER,3,2025-07-03 11:00:36,26.99,15910,Australia
559429,71053,KNITTED UNION FLAG HOT WATER BOTTLE,6,2025-07-03 11:00:42,17.78,16706,United Kingdom
510288,71053,KNITTED UNION FLAG HOT WATER BOTTLE,1,2025-07-03 11:00:47,15.5,17235,Netherlands
572494,84029G,WHITE METAL LANTERN,2,2025-07-03 11:00:52,27.23,12983,United Kingdom
551044,84029E,KNITTED UNION FLAG HOT WATER BOTTLE,-1,2025-07-03 11:00:57,13.23,15896,Germany
509448,84029E,KNITTED UNION FLAG HOT WATER BOTTLE,-1,2025-07-03 11:01:02,15.6,13605,France
534254,84029E,CREAM CUPID HEARTS COAT HANGER,6,2025-07-03 11:01:07,12.41,12476,France
505542,84029E,CREAM CUPID HEARTS COAT HANGER,-1,2025-07-03 11:01:12,20.41,13473,Netherlands
517105,84406B,RED WOOLLY HOTTIE WHITE HEART.,-1,2025-07-03 11:01:17,5.6,18002,France
585142,84029E,CREAM CUPID HEARTS COAT HANGER,1,2025-07-03 11:01:22,22.55,14569,Germany
536054,84406B,RED WOOLLY HOTTIE WHITE HEART.,1,2025-07-03 11:01:27,15.7,13088,France
568738,71053,KNITTED UNION FLAG HOT WATER BOTTLE,1,2025-07-03 11:01:32,3.88,18102,United Kingdom
565090,84029E,WHITE METAL LANTERN,2,2025-07-03 11:01:37,14.78,17357,Germany
552298,84029E,RED WOOLLY HOTTIE WHITE HEART.,3,2025-07-03 11:01:42,24.49,13153,Netherlands
586074,85123A,RED WOOLLY HOTTIE WHITE HEART.,-1,2025-07-03 11:01:47,22.16,15055,France
507796,84029E,CREAM CUPID HEARTS COAT HANGER,-1,2025-07-03 11:01:52,26.23,14816,France
585216,84029G,CREAM CUPID HEARTS COAT HANGER,6,2025-07-03 11:01:57,27.09,16414,Netherlands
532845,71053,RED WOOLLY HOTTIE WHITE HEART.,12,2025-07-03 11:02:02,13.45,15767,France
564818,71053,KNITTED UNION FLAG HOT WATER BOTTLE,2,2025-07-03 11:02:07,27.04,14904,United Kingdom
543214,71053,KNITTED UNION FLAG HOT WATER BOTTLE,1,2025-07-03 11:02:12,5.78,12363,Netherlands
545532,71053,KNITTED UNION FLAG HOT WATER BOTTLE,6,2025-07-03 11:02:17,13.4,12922,United Kingdom
599793,84029G,WHITE HANGING HEART T-LIGHT HOLDER,6,2025-07-03 11:02:22,21.63,16480,Australia
537149,84406B,KNITTED UNION FLAG HOT WATER BOTTLE,3,2025-07-03 11:02:27,6.04,17796,France
578417,84029G,WHITE HANGING HEART T-LIGHT HOLDER,1,2025-07-03 11:02:32,8.03,17837,Germany
534404,84406B,WHITE METAL LANTERN,-1,2025-07-03 11:02:37,5.03,15291,France
564788,84029G,RED WOOLLY HOTTIE WHITE HEART.,1,2025-07-03 11:02:42,12.61,14395,United Kingdom
526228,84029E,KNITTED UNION FLAG HOT WATER BOTTLE,1,2025-07-03 11:02:47,24.08,16427,Netherlands
558066,71053,RED WOOLLY HOTTIE WHITE HEART.,2,2025-07-03 11:02:52,21.7,16345,Netherlands
554268,85123A,KNITTED UNION FLAG HOT WATER BOTTLE,2,2025-07-03 11:02:57,13.4,16384,Germany
579066,84029G,CREAM CUPID HEARTS COAT HANGER,3,2025-07-03 11:03:02,2.76,15490,Netherlands
538520,84406B,KNITTED UNION FLAG HOT WATER BOTTLE,12,2025-07-03 11:03:07,25.83,12573,United Kingdom
583230,84406B,WHITE HANGING HEART T-LIGHT HOLDER,6,2025-07-03 11:03:12,3.89,16146,Australia
583642,85123A,KNITTED UNION FLAG HOT WATER BOTTLE,-1,2025-07-03 11:03:17,26.87,17720,United Kingdom
577737,71053,KNITTED UNION FLAG HOT WATER BOTTLE,6,2025-07-03 11:03:22,18.88,15957,United Kingdom
579898,85123A,KNITTED UNION FLAG HOT WATER BOTTLE,1,2025-07-03 11:03:27,16.7,15687,Netherlands
570905,84029G,WHITE HANGING HEART T-LIGHT HOLDER,1,2025-07-03 11:03:32,16.5,16216,Germany
569109,84029G,WHITE HANGING HEART T-LIGHT HOLDER,-1,2025-07-03 11:03:37,10.13,16148,United Kingdom
539834,84029G,KNITTED UNION FLAG HOT WATER BOTTLE,6,2025-07-03 11:03:42,18.34,16016,Netherlands
504149,84029E,WHITE METAL LANTERN,1,2025-07-03 11:03:47,22.03,13366,Germany
528203,84406B,KNITTED UNION FLAG HOT WATER BOTTLE,-1,2025-07-03 11:03:52,16.75,15399,France
524476,71053,KNITTED UNION FLAG HOT WATER BOTTLE,2,2025-07-03 11:03:57,25.61,12781,United Kingdom
525025,84406B,RED WOOLLY HOTTIE WHITE HEART.,2,2025-07-03 11:04:02,22.11,16322,Netherlands
518902,71053,CREAM CUPID HEARTS COAT HANGER,2,2025-07-03 11:04:07,11.94,15322,Netherlands
574952,84406B,RED WOOLLY HOTTIE WHITE HEART.,2,2025-07-03 11:04:12,5.18,13133,France
567748,84406B,CREAM CUPID HEARTS COAT HANGER,12,2025-07-03 11:04:17,19.3,13003,United Kingdom
584518,71053,WHITE HANGING HEART T-LIGHT HOLDER,6,2025-07-03 11:04:22,14.22,17327,Netherlands
552058,84029E,CREAM CUPID HEARTS COAT HANGER,-1,2025-07-03 11:04:27,13.06,14350,France
579918,84029E,CREAM CUPID HEARTS COAT HANGER,1,2025-07-03 11:04:32,20.8,18104,France
590905,84029G,RED WOOLLY HOTTIE WHITE HEART.,1,2025-07-03 11:04:37,24.4,17643,Germany
578036,85123A,CREAM CUPID HEARTS COAT HANGER,12,2025-07-03 11:04:42,25.25,15413,United Kingdom
536941,84406B,RED WOOLLY HOTTIE WHITE HEART.,-1,2025-07-03 11:04:47,3.17,13877,Netherlands
506397,85123A,WHITE METAL LANTERN,6,2025-07-03 11:04:52,1.91,13446,United Kingdom
506719,84406B,RED WOOLLY HOTTIE WHITE HEART.,6,2025-07-03 11:04:57,26.27,12613,France
526335,84406B,RED WOOLLY HOTTIE WHITE HEART.,1,2025-07-03 11:05:02,5.49,17332,France
599639,84406B,CREAM CUPID HEARTS COAT HANGER,1,2025-07-03 11:05:07,13.7,15013,United Kingdom
522052,71053,WHITE HANGING HEART T-LIGHT HOLDER,-1,2025-07-03 11:05:12,2.89,15743,Germany
596405,84029E,WHITE HANGING HEART T-LIGHT HOLDER,-1,2025-07-03 11:05:17,22.5,13676,Netherlands
521075,84406B,WHITE METAL LANTERN,2,2025-07-03 11:05:22,28.59,17806,France
561454,85123A,CREAM CUPID HEARTS COAT HANGER,2,2025-07-03 11:05:28,2.01,14996,United Kingdom
590283,85123A,RED WOOLLY HOTTIE WHITE HEART.,12,2025-07-03 11:05:33,16.25,13626,Australia
588779,84029G,WHITE METAL LANTERN,2,2025-07-03 11:05:38,21.52,12684,Germany
552430,84029G,RED WOOLLY HOTTIE WHITE HEART.,6,2025-07-03 11:05:43,14.36,15911,United Kingdom
555205,84029E,RED WOOLLY HOTTIE WHITE HEART.,2,2025-07-03 11:05:48,5.99,13563,Netherlands
507403,84029E,WHITE METAL LANTERN,-1,2025-07-03 11:05:53,6.52,12724,Netherlands
548638,84406B,WHITE HANGING HEART T-LIGHT HOLDER,-1,2025-07-03 11:05:58,15.14,17765,France
596768,84029G,RED WOOLLY HOTTIE WHITE HEART.,6,2025-07-03 11:06:03,19.38,16515,Germany
539010,71053,KNITTED UNION FLAG HOT WATER BOTTLE,2,2025-07-03 11:06:08,9.68,12813,France
527360,84406B,KNITTED UNION FLAG HOT WATER BOTTLE,2,2025-07-03 11:06:13,27.61,15006,Australia
559233,84406B,RED WOOLLY HOTTIE WHITE HEART.,2,2025-07-03 11:06:18,11.61,14116,France
562190,84406B,WHITE METAL LANTERN,3,2025-07-03 11:06:23,2.64,15701,United Kingdom
549847,84029G,RED WOOLLY HOTTIE WHITE HEART.,2,2025-07-03 11:06:28,2.6,12364,United Kingdom
580086,71053,CREAM CUPID HEARTS COAT HANGER,-1,2025-07-03 11:06:33,27.28,14465,United Kingdom
570371,84406B,KNITTED UNION FLAG HOT WATER BOTTLE,2,2025-07-03 11:06:38,5.37,12631,Australia
522706,84406B,CREAM CUPID HEARTS COAT HANGER,1,2025-07-03 11:06:43,13.95,17696,Netherlands
578788,85123A,CREAM CUPID HEARTS COAT HANGER,2,2025-07-03 11:06:48,28.06,16004,Australia
558702,84029E,RED WOOLLY HOTTIE WHITE HEART.,12,2025-07-03 11:06:53,21.82,16421,Australia
523528,85123A,CREAM CUPID HEARTS COAT HANGER,-1,2025-07-03 11:06:58,4.76,13949,Germany
596706,84029E,WHITE HANGING HEART T-LIGHT HOLDER,-1,2025-07-03 11:07:03,20.93,18210,Australia
539512,84029E,WHITE METAL LANTERN,2,2025-07-03 11:07:08,0.62,17869,France
577933,84406B,WHITE METAL LANTERN,-1,2025-07-03 11:07:13,11.77,18259,Netherlands
555213,84406B,RED WOOLLY HOTTIE WHITE HEART.,3,2025-07-03 11:07:18,16.0,12843,Netherlands
540359,84029G,WHITE METAL LANTERN,2,2025-07-03 11:07:23,28.2,13546,Netherlands
516687,84406B,KNITTED UNION FLAG HOT WATER BOTTLE,6,2025-07-03 11:07:28,16.87,14182,Germany
521819,71053,CREAM CUPID HEARTS COAT HANGER,12,2025-07-03 11:07:33,29.15,18212,Netherlands
560809,84406B,WHITE METAL LANTERN,1,2025-07-03 11:07:38,1.05,15838,Germany
570540,85123A,WHITE METAL LANTERN,6,2025-07-03 11:07:43,18.92,16301,Australia
570414,84406B,RED WOOLLY HOTTIE WHITE HEART.,-1,2025-07-03 11:07:48,4.72,15071,France
595263,71053,WHITE HANGING HEART T-LIGHT HOLDER,2,2025-07-03 11:07:53,27.36,18199,Germany
514068,84029E,KNITTED UNION FLAG HOT WATER BOTTLE,-1,2025-07-03 11:07:58,12.11,16476,France
589519,84029E,RED WOOLLY HOTTIE WHITE HEART.,2,2025-07-03 11:08:03,7.15,12947,Germany
554745,84406B,WHITE HANGING HEART T-LIGHT HOLDER,2,2025-07-03 11:08:08,14.11,15844,Australia
522860,84029E,KNITTED UNION FLAG HOT WATER BOTTLE,3,2025-07-03 11:08:13,15.82,16202,France
572362,84029E,CREAM CUPID HEARTS COAT HANGER,6,2025-07-03 11:08:18,9.17,17800,United Kingdom
563314,84406B,RED WOOLLY HOTTIE WHITE HEART.,-1,2025-07-03 11:08:23,25.35,16910,Germany
503605,84406B,WHITE HANGING HEART T-LIGHT HOLDER,2,2025-07-03 11:08:28,4.4,14877,United Kingdom
529971,84029E,KNITTED UNION FLAG HOT WATER BOTTLE,6,2025-07-03 11:08:33,9.34,13943,Australia
532885,84029E,WHITE HANGING HEART T-LIGHT HOLDER,3,2025-07-03 11:08:38,0.94,13724,Australia
566292,84029G,RED WOOLLY HOTTIE WHITE HEART.,3,2025-07-03 11:08:43,14.44,12461,United Kingdom
573805,84029G,WHITE HANGING HEART T-LIGHT HOLDER,2,2025-07-03 11:08:48,0.55,14225,Australia
576187,84029E,WHITE METAL LANTERN,6,2025-07-03 11:08:53,14.59,17004,Australia
564468,85123A,RED WOOLLY HOTTIE WHITE HEART.,3,2025-07-03 11:08:58,25.44,15576,Netherlands
520229,84406B,CREAM CUPID HEARTS COAT HANGER,1,2025-07-03 11:09:03,6.69,15542,United Kingdom
535726,71053,WHITE HANGING HEART T-LIGHT HOLDER,6,2025-07-03 11:09:09,26.47,15346,France
595239,85123A,WHITE HANGING HEART T-LIGHT HOLDER,12,2025-07-03 11:09:14,3.23,17823,Germany
502776,71053,KNITTED UNION FLAG HOT WATER BOTTLE,6,2025-07-03 11:09:19,10.13,18242,Germany
565660,71053,WHITE METAL LANTERN,6,2025-07-03 11:09:24,7.33,16201,United Kingdom
539463,84029E,WHITE METAL LANTERN,1,2025-07-03 11:09:29,27.67,15297,Germany
515423,85123A,RED WOOLLY HOTTIE WHITE HEART.,3,2025-07-03 11:09:34,27.68,15232,Australia
534544,71053,CREAM CUPID HEARTS COAT HANGER,-1,2025-07-03 11:09:39,15.53,13159,Germany
545844,71053,CREAM CUPID HEARTS COAT HANGER,1,2025-07-03 11:09:44,4.58,15907,United Kingdom
537362,84029E,RED WOOLLY HOTTIE WHITE HEART.,6,2025-07-03 11:09:49,9.74,14916,Australia
578521,71053,CREAM CUPID HEARTS COAT HANGER,3,2025-07-03 11:09:54,10.7,18286,France
571481,85123A,RED WOOLLY HOTTIE WHITE HEART.,2,2025-07-03 11:09:59,0.7,17754,United Kingdom
589094,84029G,KNITTED UNION FLAG HOT WATER BOTTLE,1,2025-07-03 11:10:04,0.84,14116,Australia
525934,85123A,RED WOOLLY HOTTIE WHITE HEART.,3,2025-07-03 11:10:09,7.97,13133,France
538240,84029G,RED WOOLLY HOTTIE WHITE HEART.,2,2025-07-03 11:10:14,23.38,12360,Australia
552667,71053,WHITE HANGING HEART T-LIGHT HOLDER,6,2025-07-03 11:10:19,12.05,15912,France
505959,85123A,KNITTED UNION FLAG HOT WATER BOTTLE,6,2025-07-03 11:10:24,3.97,15874,Germany
527414,71053,RED WOOLLY HOTTIE WHITE HEART.,6,2025-07-03 11:10:29,11.53,18058,United Kingdom
588397,84406B,WHITE METAL LANTERN,3,2025-07-03 11:10:34,18.03,14939,France
523168,84029G,RED WOOLLY HOTTIE WHITE HEART.,12,2025-07-03 11:10:39,15.73,17268,France
557287,84029G,CREAM CUPID HEARTS COAT HANGER,2,2025-07-03 11:10:44,8.25,17202,Netherlands
502497,84029E,WHITE METAL LANTERN,1,2025-07-03 11:10:49,8.55,13185,France
516657,84406B,WHITE METAL LANTERN,2,2025-07-03 11:10:54,15.41,17371,Germany
521338,71053,RED WOOLLY HOTTIE WHITE HEART.,6,2025-07-03 11:10:59,19.91,13136,United Kingdom
579074,71053,KNITTED UNION FLAG HOT WATER BOTTLE,2,2025-07-03 11:11:04,20.19,12786,France
559230,85123A,WHITE HANGING HEART T-LIGHT HOLDER,6,2025-07-03 11:11:09,4.31,15871,United Kingdom
521065,84029E,KNITTED UNION FLAG HOT WATER BOTTLE,-1,2025-07-03 11:11:14,23.47,17556,Australia
518358,84029E,RED WOOLLY HOTTIE WHITE HEART.,3,2025-07-03 11:11:19,15.23,18038,France
532951,71053,RED WOOLLY HOTTIE WHITE HEART.,1,2025-07-03 11:11:24,15.18,12863,United Kingdom
504573,71053,KNITTED UNION FLAG HOT WATER BOTTLE,2,2025-07-03 11:11:29,4.76,14952,United Kingdom
515535,84406B,CREAM CUPID HEARTS COAT HANGER,2,2025-07-03 11:11:34,20.68,15015,Netherlands
547945,84406B,KNITTED UNION FLAG HOT WATER BOTTLE,3,2025-07-03 11:11:39,22.11,16161,Germany
501472,71053,CREAM CUPID HEARTS COAT HANGER,3,2025-07-03 11:11:44,4.02,16987,France
531984,71053,KNITTED UNION FLAG HOT WATER BOTTLE,6,2025-07-03 11:11:49,19.47,17186,Germany
584529,84029E,RED WOOLLY HOTTIE WHITE HEART.,1,2025-07-03 11:11:54,20.19,13744,Australia
544514,84029E,WHITE METAL LANTERN,12,2025-07-03 11:11:59,14.82,14382,Australia
509739,84029E,WHITE METAL LANTERN,6,2025-07-03 11:12:04,23.43,15328,France
530716,71053,KNITTED UNION FLAG HOT WATER BOTTLE,12,2025-07-03 11:12:09,29.21,17593,Germany
502281,85123A,WHITE HANGING HEART T-LIGHT HOLDER,6,2025-07-03 11:12:14,23.41,17000,France
577331,84406B,CREAM CUPID HEARTS COAT HANGER,6,2025-07-03 11:12:19,6.61,15903,Australia
597617,85123A,KNITTED UNION FLAG HOT WATER BOTTLE,12,2025-07-03 11:12:24,9.2,14157,Australia
576492,71053,WHITE HANGING HEART T-LIGHT HOLDER,-1,2025-07-03 11:12:29,6.17,16959,Germany
582659,84029E,RED WOOLLY HOTTIE WHITE HEART.,-1,2025-07-03 11:12:34,24.86,14811,France
571723,71053,CREAM CUPID HEARTS COAT HANGER,-1,2025-07-03 11:12:39,3.29,17898,Netherlands
563362,71053,CREAM CUPID HEARTS COAT HANGER,6,2025-07-03 11:12:44,12.67,13838,Australia
527410,85123A,RED WOOLLY HOTTIE WHITE HEART.,2,2025-07-03 11:12:49,6.07,13541,Australia
577963,84029G,RED WOOLLY HOTTIE WHITE HEART.,1,2025-07-03 11:12:54,28.62,13284,Netherlands
551545,84029G,CREAM CUPID HEARTS COAT HANGER,3,2025-07-03 11:12:59,4.95,13995,Australia
577259,85123A,WHITE METAL LANTERN,6,2025-07-03 11:13:04,4.54,15427,Australia
504251,84029E,WHITE METAL LANTERN,3,2025-07-03 11:13:09,15.36,18185,France
564825,84029E,KNITTED UNION FLAG HOT WATER BOTTLE,3,2025-07-03 11:13:14,1.45,17918,France
514330,84406B,KNITTED UNION FLAG HOT WATER BOTTLE,-1,2025-07-03 11:13:19,5.15,15284,France
538851,71053,RED WOOLLY HOTTIE WHITE HEART.,2,2025-07-03 11:13:24,8.5,16097,Australia
539087,84406B,WHITE HANGING HEART T-LIGHT HOLDER,1,2025-07-03 11:13:29,19.08,14027,Germany
555428,84029E,WHITE HANGING HEART T-LIGHT HOLDER,2,2025-07-03 11:13:34,4.49,16842,United Kingdom
536935,84029G,WHITE HANGING HEART T-LIGHT HOLDER,6,2025-07-03 11:13:39,16.69,16240,Netherlands
566001,84029E,WHITE METAL LANTERN,12,2025-07-03 11:13:44,25.45,14345,Netherlands
502438,84029G,WHITE HANGING HEART T-LIGHT HOLDER,-1,2025-07-03 11:13:49,0.97,14894,United Kingdom
561155,84029G,CREAM CUPID HEARTS COAT HANGER,1,2025-07-03 11:13:54,2.01,14451,United Kingdom
522130,84029G,WHITE METAL LANTERN,1,2025-07-03 11:14:00,9.13,13400,United Kingdom
515680,71053,CREAM CUPID HEARTS COAT HANGER,2,2025-07-03 11:14:05,19.73,12687,United Kingdom
565141,71053,KNITTED UNION FLAG HOT WATER BOTTLE,1,2025-07-03 11:14:10,22.72,14543,Germany
548037,84406B,WHITE METAL LANTERN,2,2025-07-03 11:14:15,11.25,13561,United Kingdom
526200,84029E,WHITE METAL LANTERN,2,2025-07-03 11:14:20,13.17,12493,Germany
565816,71053,KNITTED UNION FLAG HOT WATER BOTTLE,12,2025-07-03 11:14:25,26.21,13589,Netherlands
517853,85123A,CREAM CUPID HEARTS COAT HANGER,6,2025-07-03 11:14:30,21.95,16030,Australia
522948,84029E,CREAM CUPID HEARTS COAT HANGER,6,2025-07-03 11:14:35,26.44,16413,Australia
535204,84029G,KNITTED UNION FLAG HOT WATER BOTTLE,12,2025-07-03 11:14:40,29.77,14347,Germany
552775,71053,RED WOOLLY HOTTIE WHITE HEART.,1,2025-07-03 11:14:45,18.12,13575,Germany
526646,84406B,CREAM CUPID HEARTS COAT HANGER,6,2025-07-03 11:14:50,28.24,15030,Australia
505150,84406B,RED WOOLLY HOTTIE WHITE HEART.,3,2025-07-03 11:14:55,16.09,13182,France
535208,84029G,WHITE METAL LANTERN,-1,2025-07-03 11:15:00,10.75,15576,United Kingdom
590604,71053,WHITE HANGING HEART T-LIGHT HOLDER,6,2025-07-03 11:15:05,27.27,16386,Netherlands
583476,85123A,WHITE HANGING HEART T-LIGHT HOLDER,-1,2025-07-03 11:15:10,16.29,12385,Netherlands
568286,71053,WHITE HANGING HEART T-LIGHT HOLDER,-1,2025-07-03 11:15:15,9.41,18227,Netherlands
565692,84029G,KNITTED UNION FLAG HOT WATER BOTTLE,-1,2025-07-03 11:15:20,0.5,17020,Netherlands
573704,85123A,RED WOOLLY HOTTIE WHITE HEART.,12,2025-07-03 11:15:25,14.6,17883,United Kingdom
548905,84029E,KNITTED UNION FLAG HOT WATER BOTTLE,-1,2025-07-03 11:15:30,28.41,17842,Germany
589119,85123A,WHITE METAL LANTERN,-1,2025-07-03 11:15:35,21.19,15900,United Kingdom
539140,84029G,CREAM CUPID HEARTS COAT HANGER,-1,2025-07-03 11:15:40,17.81,14129,United Kingdom
566754,84406B,WHITE METAL LANTERN,1,2025-07-03 11:15:45,26.16,17962,Germany
523771,84029G,WHITE METAL LANTERN,6,2025-07-03 11:15:50,26.4,17681,United Kingdom
516663,84029G,KNITTED UNION FLAG HOT WATER BOTTLE,6,2025-07-03 11:15:55,3.11,18139,Australia
520908,84406B,WHITE METAL LANTERN,6,2025-07-03 11:16:00,1.69,16080,France
